{"macro/train_batch_f1": 0.2354225472105209, "_timestamp": 1673560955.6181107, "loss/train_batch_loss": 2.794767141342163, "accuracy/train_batch_accuracy": 0.1796875, "macro/val_f1": 0.17478297976223658, "loss/val_loss": 2.808717966079712, "accuracy/val_accuracy": 0.13046511627906976, "macro/test_f1": 0.17613680049102876, "loss/test_loss": 2.811300754547119, "accuracy/test_accuracy": 0.1313953488372093, "_runtime": 182.10190868377686, "_step": 400, "_wandb": {"runtime": 230}}