,correlation,model
0,-0.03163243272221827,baseline_ce
1,-0.012175498254904143,bce
2,-0.03626985506792656,mse
