{"towel": 0.8943063698523465, "bottle": 0.938717502504878, "wasp": 1.1592674841911261, "glass": 0.6620412899482667, "kettle": 1.926358392762453, "llama": 0.9956094723536584, "spider": 0.8563806756405692, "anvil": 4.752863589031587, "iguana": 1.4186923187273857, "car": 0.45732922956766586, "violin": 0.9019050514262552, "submarine": 1.483247648171448, "beaver": 1.826089186610724, "donkey": 1.2737674418604652, "worm": 0.9302795923700026, "hammer": 1.1518486883824461, "bus": 1.0472411297866207, "sieve": 2.279594816104907, "cat": 0.3807361524920916, "wheelbarrow": 2.6794460751110107, "moth": 0.8588680883913925, "jar": 1.4148134607130936, "elephant": 0.868052880278153, "mosquito": 1.1518486883824461, "caterpillar": 0.9164808913098321, "hedgehog": 2.5397203595377373, "bumblebee": 2.5444033104158033, "squirrel": 0.8554958020348237, "snake": 0.8613699929351876, "axe": 0.9670040144934622, "sheep": 0.8794867614290444, "wolf": 1.0708081184807325, "guitar": 0.8711582883094511, "ant": 0.1326968678413473, "airplane": 0.8509237792490261, "knife": 0.8927634647501642, "shovel": 1.385920383678109, "boat": 3.0350030689490555, "toaster": 2.823836416129953, "paintbrush": 3.4497868217054264, "pig": 0.9847155532936517, "monkey": 0.9070429855491918, "lion": 0.7034399636442671, "beetle": 0.8516239839634873, "crowbar": 6.865247406378958, "drum": 0.8586899369521908, "whale": 0.8633460242015666, "dolphin": 0.8709750023241135, "cow": 0.8746554375758528, "hovercraft": 2.7783518027157794, "kangaroo": 1.0522989796762867, "screwdriver": 2.430853896680277, "bicycle": 0.8544363645090839, "alligator": 1.3397230375555054, "piano": 0.8761363356712194, "horse": 0.6729103033235552, "spoon": 1.3822184260589354, "wrench": 1.3891759013578897, "dog": 0.5103864117921972, "tiger": 0.8647888418730962, "plate": 1.4591978096744842, "zebra": 0.951884154069099, "earwig": 2.1371936943967533, "tractor": 1.760095317196646, "salamander": 1.0109265411590993, "deer": 0.8604747840462506, "train": 0.8868346585360993, "crocodile": 1.3096311882462865, "pan": 0.588115383725886, "frog": 1.1837987377885364, "gecko": 1.9362694976831205, "lizard": 0.8560265066266567, "truck": 0.8491782945736435, "mouse": 0.802587085313399, "turtle": 0.8565578700696279, "shield": 2.2584529111001155, "pliers": 1.43243743461817, "bison": 1.175729675105513, "bowl": 1.0023593670814799, "rabbit": 1.4484759223395771, "hamster": 1.3933841083966716, "clarinet": 1.8605591847400051, "cockroach": 1.3475729772286822, "cymbals": 4.625412498375991, "chameleon": 1.2932659125418655, "helicopter": 1.388709891327243}